﻿Module,Week,Day,Number,Complete
H/C 101,1,1,1,TRUE
H/C 101,1,2,1,TRUE
H/C 101,1,3,1,TRUE
H/C 101,1,4,1,TRUE
H/C 101,1,5,1,TRUE
H/C 101,2,1,1,TRUE
H/C 101,2,2,1,TRUE
H/C 101,2,3,1,TRUE
H/C 101,2,4,1,TRUE
H/C 101,2,5,1,TRUE
H/C 101,3,1,1,TRUE
H/C 101,3,2,1,TRUE
H/C 101,3,3,1,TRUE
H/C 101,3,4,1,TRUE
H/C 101,3,5,1,TRUE
H/C 101,4,1,1,TRUE
H/C 101,4,2,1,TRUE
H/C 101,4,3,1,TRUE
H/C 101,4,4,1,TRUE
H/C 101,4,5,1,TRUE
H/C 102,1,1,1,TRUE
H/C 102,1,2,1,TRUE
H/C 102,1,3,1,TRUE
H/C 102,1,4,1,TRUE
H/C 102,1,5,1,TRUE
H/C 102,2,1,1,TRUE
H/C 102,2,2,1,TRUE
H/C 102,2,3,1,TRUE
H/C 102,2,4,1,TRUE
H/C 102,2,5,1,TRUE
H/C 102,3,1,1,TRUE
H/C 102,3,2,1,TRUE
H/C 102,3,3,1,TRUE
H/C 102,3,4,1,TRUE
H/C 102,3,5,1,TRUE
H/C 102,4,1,1,TRUE
H/C 102,4,2,1,TRUE
H/C 102,4,3,1,TRUE
H/C 102,4,4,1,TRUE
H/C 102,4,5,1,TRUE
Mod 5,1,1,1,TRUE
Mod 5,1,2,1,TRUE
Mod 5,1,3,1,TRUE
Mod 5,1,4,1,TRUE
Mod 5,1,5,1,TRUE
Mod 5,2,1,1,TRUE
Mod 5,2,2,1,TRUE
Mod 5,2,3,1,TRUE
Mod 5,2,4,1,TRUE
Mod 5,2,5,1,TRUE
Mod 5,3,1,1,TRUE
Mod 5,3,2,1,TRUE
Mod 5,3,3,1,TRUE
Mod 5,3,4,1,TRUE
Mod 5,3,5,1,TRUE
Mod 5,4,1,1,TRUE
Mod 5,4,2,1,TRUE
Mod 5,4,3,1,TRUE
Mod 5,4,4,1,TRUE
Mod 5,4,5,1,TRUE
Mod 6,1,1,1,TRUE
Mod 6,1,2,1,TRUE
Mod 6,1,3,1,TRUE
Mod 6,1,4,1,TRUE
Mod 6,1,5,1,TRUE
Mod 6,2,1,1,TRUE
Mod 6,2,2,1,TRUE
Mod 6,2,3,1,TRUE
Mod 6,2,4,1,TRUE
Mod 6,2,5,1,TRUE
Mod 6,3,1,1,TRUE
Mod 6,3,2,1,TRUE
Mod 6,3,3,1,TRUE
Mod 6,3,4,1,TRUE
Mod 6,3,5,1,TRUE
Mod 6,4,1,1,TRUE
Mod 6,4,2,1,TRUE
Mod 6,4,3,1,TRUE
Mod 6,4,4,1,TRUE
Mod 6,4,5,1,TRUE
Mod 7,1,1,1,TRUE
Mod 7,1,2,1,TRUE
Mod 7,1,3,1,TRUE
Mod 7,1,4,1,FALSE
Mod 7,1,5,1,FALSE
Mod 7,2,1,1,FALSE
Mod 7,2,2,1,FALSE
Mod 7,2,3,1,FALSE
Mod 7,2,4,1,FALSE
Mod 7,2,5,1,FALSE
Mod 7,3,1,1,FALSE
Mod 7,3,2,1,FALSE
Mod 7,3,3,1,FALSE
Mod 7,3,4,1,FALSE
Mod 7,3,5,1,FALSE
Mod 7,4,1,1,FALSE
Mod 7,4,2,1,FALSE
Mod 7,4,3,1,FALSE
Mod 7,4,4,1,FALSE
Mod 7,4,5,1,FALSE
